transect_distance_m,datetime,latitude,snow_depth_m,melt_pond_depth_m,ice_thickness_mean_m,sw_absorbed_by_ocean,downwelling_radiative_flux_absorbed_by_ocean,surface_albedo,surface_downwelling_radiative_flux,transect_distance_m,par_absorbed_by_ocean
0.0,2020-06-27 11:22:46,81.95278,0.05502,0.0,3.5214371428571427,0.25673311948776245,0.25673311948776245,0.8487626910209656,361.2137451171875,0.0,0.8985659182071686
5.616940799381525,2020-06-27 11:22:55,81.95277,0.05277,0.0,3.667772857142856,0.22388379275798798,0.22388379275798798,0.847527027130127,360.6273498535156,5.616940799381525,0.7835932746529579
11.263373909612794,2020-06-27 11:23:09,81.95272,0.0993,0.0,3.4261571428571425,0.17040923237800598,0.17040923237800598,0.8626315593719482,367.93499755859375,11.263373909612794,0.5964323133230209
19.177655940241685,2020-06-27 11:23:17,81.9527,0.0998,0.0,2.872571428571428,0.31880098581314087,0.31880098581314087,0.8627010583877563,367.96990966796875,19.177655940241685,1.115803450345993
26.356972255055673,2020-06-27 11:23:24,81.95268,0.0623,0.0,3.049499999999999,0.39952048659324646,0.39952048659324646,0.8522210121154785,362.867431640625,26.356972255055673,1.3983217030763626
31.948251530109417,2020-06-27 11:23:30,81.95264,0.0707,0.0,2.819842857142857,0.466348260641098,0.466348260641098,0.8554429411888123,364.4214172363281,31.948251530109417,1.632218912243843
37.85833428147019,2020-06-27 11:23:36,81.95262,0.0842,0.0,2.5595428571428567,0.5343286991119385,0.5343286991119385,0.8593863248825073,366.3414306640625,37.85833428147019,1.8701504468917847
42.959115050252265,2020-06-27 11:23:43,81.95260999999999,0.04717,0.0,2.4818299999999995,0.937603771686554,0.937603771686554,0.8438209891319275,358.88238525390625,42.959115050252265,3.281613200902939
49.0765454847109,2020-06-27 11:23:59,81.95258,0.0808,0.0,2.6481714285714286,0.5026240944862366,0.5026240944862366,0.8585096597671509,365.9133605957031,49.0765454847109,1.759184330701828
51.997519870338216,2020-06-27 11:24:05,81.95256,0.05502,0.0,2.7331514285714285,0.6307590007781982,0.6307590007781982,0.8486776947975159,361.1766357421875,51.997519870338216,2.207656502723694
56.955113286773766,2020-06-27 11:24:12,81.95255,0.05277,0.0,2.896315714285714,0.541602373123169,0.541602373123169,0.8474506735801697,360.5943908691406,56.955113286773766,1.8956083059310913
62.46223066015939,2020-06-27 11:24:19,81.95254,0.0567,0.0,2.9083285714285707,0.5055639743804932,0.5055639743804932,0.8495798110961914,361.60614013671875,62.46223066015939,1.769473910331726
67.65669314981487,2020-06-27 11:24:26,81.95256,0.07631,0.0,2.9598899999999992,0.37228336930274963,0.37228336930274963,0.8572576642036438,365.3035888671875,67.65669314981487,1.3029917925596237
75.6572560289717,2020-06-27 11:24:34,81.95258,0.05782,0.0,3.564265714285713,0.2351122498512268,0.2351122498512268,0.8501989841461182,361.90087890625,75.6572560289717,0.8228928744792938
81.782995816763,2020-06-27 11:24:42,81.95260999999999,0.04885,0.0,3.7051499999999993,0.22709055244922638,0.22709055244922638,0.8451309204101562,359.49810791015625,81.782995816763,0.7948169335722923
88.40262341746497,2020-06-27 11:24:55,81.95260999999999,0.07295,0.0,3.8112785714285695,0.14582166075706482,0.14582166075706482,0.8562526702880859,364.81439208984375,88.40262341746497,0.5103758126497269
92.25114007286699,2020-06-27 11:25:03,81.95262,0.3172,0.0,3.4340285714285703,0.0,0.0,0.8724676370620728,372.8580322265625,92.25114007286699,0.0
96.86756174638212,2020-06-27 11:25:21,81.95264,0.1748999999999999,0.0,3.528357142857142,0.07752399891614914,0.07752399891614914,0.8698316812515259,371.52593994140625,96.86756174638212,0.271333996206522
103.15071935385404,2020-06-27 11:25:31,81.95264,0.0,0.1637,3.764985714285713,5.309201240539551,5.309201240539551,0.26214736700057983,205.0697784423828,103.15071935385404,18.582204341888428
107.25970427142433,2020-06-27 11:25:37,81.95266,0.1284,0.0,3.8858285714285694,0.07603283226490021,0.07603283226490021,0.8665958642959595,369.90374755859375,107.25970427142433,0.2661149129271507
112.45797927267176,2020-06-27 11:25:43,81.95268,0.0650999999999999,0.0,4.013042857142857,0.12712356448173523,0.12712356448173523,0.8534371256828308,363.4521484375,112.45797927267176,0.4449324756860733
117.18342484268936,2020-06-27 11:25:52,81.9527,0.03821,0.0,3.991304285714285,0.1932644098997116,0.1932644098997116,0.8366600275039673,355.5553894042969,117.18342484268936,0.6764254346489906
123.36208480052731,2020-06-27 11:26:01,81.95273,0.1088,0.0,3.884171428571429,0.09143822640180588,0.09143822640180588,0.8641862869262695,368.7041320800781,123.36208480052731,0.32003379240632057
129.40909909789454,2020-06-27 11:26:10,81.95276,0.111,0.0,3.958885714285714,0.08209462463855743,0.08209462463855743,0.8645048141479492,368.8617248535156,129.40909909789454,0.287331186234951
134.28794041554897,2020-06-27 11:26:20,81.95276,0.05838,0.0,3.983162857142856,0.14372886717319489,0.14372886717319489,0.8504927158355713,362.03863525390625,134.28794041554897,0.5030510351061821
140.06269795043045,2020-06-27 11:26:26,81.95276,0.1026,0.0,3.427571428571428,0.16458597779273987,0.16458597779273987,0.8632030487060547,368.2169189453125,140.06269795043045,0.5760509222745895
144.0387915554223,2020-06-27 11:26:37,81.95278,0.06118,0.0,3.320877142857143,0.2973410487174988,0.2973410487174988,0.8517524003982544,362.64111328125,144.0387915554223,1.0406936705112457
149.78235421911765,2020-06-27 11:26:47,81.95279,0.06902,0.0,3.4022371428571425,0.24510905146598816,0.24510905146598816,0.8548936247825623,364.1534118652344,149.78235421911765,0.8578816801309586
154.89464979053392,2020-06-27 11:26:51,81.95279,0.05726,0.0,3.404625714285714,0.28468939661979675,0.28468939661979675,0.8499106168746948,361.7603759765625,154.89464979053392,0.9964128881692886
157.44473819808357,2020-06-27 11:27:02,81.95279,0.0953999999999999,0.0,3.265571428571428,0.21320469677448273,0.21320469677448273,0.8618986010551453,367.5726318359375,157.44473819808357,0.7462164387106895
160.80796837008026,2020-06-27 11:27:11,81.9528,0.111,0.0,3.376457142857142,0.16077595949172974,0.16077595949172974,0.8644949793815613,368.85638427734375,160.80796837008026,0.5627158582210541
166.60747913684992,2020-06-27 11:27:18,81.9528,0.1099,0.0,3.513071428571428,0.13887734711170197,0.13887734711170197,0.8643406629562378,368.7798767089844,166.60747913684992,0.4860707148909569
173.6102736638379,2020-06-27 11:27:23,81.95281,0.05502,0.0,3.331094285714285,0.31951797008514404,0.31951797008514404,0.8487476706504822,361.2062683105469,173.6102736638379,1.1183128952980042
178.01743209844778,2020-06-27 11:27:29,81.95282,0.03933,0.0,3.4166414285714275,0.36837613582611084,0.36837613582611084,0.837670087814331,356.0187683105469,178.01743209844778,1.289316475391388
182.70281888896193,2020-06-27 11:27:35,81.95284,0.03596,0.0,3.368982857142856,0.4124748110771179,0.4124748110771179,0.834282398223877,354.46331787109375,182.70281888896193,1.4436618387699127
187.28526454997524,2020-06-27 11:27:42,81.95286,0.0494099999999999,0.0,3.4940757142857137,0.28727948665618896,0.28727948665618896,0.8454766273498535,359.6571044921875,187.28526454997524,1.0054782032966614
192.2598382409113,2020-06-27 11:27:49,81.95289,0.04157,0.0,3.063601428571428,0.5316466689109802,0.5316466689109802,0.8396180868148804,356.918212890625,192.2598382409113,1.8607633411884308
198.79707466790242,2020-06-27 11:27:55,81.95291,0.05726,0.0,2.8195971428571425,0.5546659827232361,0.5546659827232361,0.8498513102531433,361.7300109863281,198.79707466790242,1.9413309395313263
203.72681275030982,2020-06-27 11:28:03,81.95291,0.03933,0.0,2.9372414285714283,0.6371433138847351,0.6371433138847351,0.83758944272995,355.9798278808594,203.72681275030982,2.230001598596573
208.5545897719451,2020-06-27 11:28:08,81.95293,0.04325,0.0,2.651835714285714,0.8244141340255737,0.8244141340255737,0.8409261703491211,357.52508544921875,208.5545897719451,2.885449469089508
212.65145845035576,2020-06-27 11:28:17,81.95295,0.05838,0.0,2.244762857142857,1.0369644165039062,1.0369644165039062,0.85030198097229,361.9445495605469,212.65145845035576,3.629375457763672
217.3555272132129,2020-06-27 11:28:24,81.95298,0.03372,0.0,2.2853371428571423,1.4603232145309448,1.4603232145309448,0.8314073085784912,353.1524963378906,217.3555272132129,5.111131250858307
222.6277431770813,2020-06-27 11:28:30,81.953,0.06846,0.0,2.416282857142857,0.7531039118766785,0.7531039118766785,0.854597806930542,364.0069885253906,222.6277431770813,2.6358636915683746
227.32919674990177,2020-06-27 11:28:40,81.95301,0.02924,0.0,2.765017142857143,0.9309163689613342,0.9309163689613342,0.8256028294563293,350.5421142578125,227.32919674990177,3.25820729136467
230.84907612818702,2020-06-27 11:28:47,81.95305,0.03372,0.0,3.1428228571428565,0.5564849972724915,0.5564849972724915,0.8316974639892578,353.2834167480469,230.84907612818702,1.94769749045372
237.042624751084,2020-06-27 11:28:52,81.95307,0.2073999999999999,0.0,3.4056,0.0,0.0,0.8709961175918579,372.10638427734375,237.042624751084,0.0
240.75420523335808,2020-06-27 11:28:57,81.95309,0.05726,0.0,3.848054285714285,0.17067621648311615,0.17067621648311615,0.8499377369880676,361.76849365234375,240.75420523335808,0.5973667576909065
244.28804229108565,2020-06-27 11:29:02,81.95312,0.04325,0.0,3.8358071428571434,0.2129048854112625,0.2129048854112625,0.841096818447113,357.6017761230469,244.28804229108565,0.7451670989394188
248.7654868720479,2020-06-27 11:29:07,81.95315,0.03484,0.0,3.927474285714285,0.22081033885478973,0.22081033885478973,0.8331140875816345,353.92578125,248.7654868720479,0.7728361859917641
253.09674466078567,2020-06-27 11:29:13,81.95318,0.03708,0.0,3.7719199999999993,0.25412797927856445,0.25412797927856445,0.8355104327201843,355.0201721191406,253.09674466078567,0.8894479274749756
257.5673654090323,2020-06-27 11:29:22,81.95321,0.06174,0.0,3.720831428571428,0.18623152375221252,0.18623152375221252,0.8520235419273376,362.76446533203125,257.5673654090323,0.6518103331327438
262.47481290485507,2020-06-27 11:29:27,81.95324,0.0,0.06062,3.544294285714285,2.5838229656219482,2.5838229656219482,0.4242110252380371,233.0936279296875,262.47481290485507,9.043380379676819
266.65407401003955,2020-06-27 11:29:34,81.95327,0.04717,0.0,3.3478871428571426,0.3515082895755768,0.3515082895755768,0.8439688682556152,358.94189453125,266.65407401003955,1.2302790135145187
271.2551409860647,2020-06-27 11:29:42,81.9533,0.07183,0.0,3.005341428571428,0.37281033396720886,0.37281033396720886,0.8558424711227417,364.6048278808594,271.2551409860647,1.304836168885231
275.9362696741381,2020-06-27 11:29:50,81.95334,0.1071,0.0,2.8270142857142853,0.31215983629226685,0.31215983629226685,0.8639040589332581,368.554931640625,275.9362696741381,1.092559427022934
281.729601360145,2020-06-27 11:29:55,81.95337,0.05838,0.0,2.914391428571428,0.4906948208808899,0.4906948208808899,0.8504148125648499,361.991943359375,281.729601360145,1.7174318730831146
285.93410430093945,2020-06-27 11:30:04,81.9534,0.04045,0.0,2.776092857142857,0.7503798604011536,0.7503798604011536,0.8385790586471558,356.4294128417969,285.93410430093945,2.6263295114040375
290.9046722121711,2020-06-27 11:30:09,81.95342,0.0,0.04045,2.715235714285714,5.366692066192627,5.366692066192627,0.4514063000679016,238.53677368164062,290.9046722121711,18.783422231674194
293.9875771037599,2020-06-27 11:30:14,81.95345,0.0707,0.0,2.5575,0.6261306405067444,0.6261306405067444,0.8554149866104126,364.3954162597656,293.9875771037599,2.1914572417736053
298.1780229173525,2020-06-27 11:30:19,81.95347,0.05558,0.0,2.279934285714285,1.036841869354248,1.036841869354248,0.8488873839378357,361.2625732421875,298.1780229173525,3.628946542739868
301.26091696203605,2020-06-27 11:30:26,81.95349,0.1396,0.0,1.8161142857142856,0.7027172446250916,0.7027172446250916,0.8675732612609863,370.3791809082031,301.26091696203605,2.4595103561878204
304.8222566998553,2020-06-27 11:30:37,81.9535,0.0892,0.0,1.6626,1.3362210988998413,1.3362210988998413,0.8604525327682495,366.8504638671875,304.8222566998553,4.676773846149445
308.8709022751894,2020-06-27 11:30:42,81.95353,0.05726,0.0,1.7012542857142852,1.8872061967849731,1.8872061967849731,0.8495709896087646,361.58697509765625,308.8709022751894,6.605221688747406
313.1212002051473,2020-06-27 11:30:48,81.95355,0.1009999999999999,0.0,1.8276,0.9943897128105164,0.9943897128105164,0.8628287315368652,368.01953125,313.1212002051473,3.4803639948368073
316.3979304870702,2020-06-27 11:30:54,81.95358,0.0993,0.0,1.7466714285714282,1.101566195487976,1.101566195487976,0.8625144958496094,367.8638000488281,316.3979304870702,3.8554816842079163
320.75741024586813,2020-06-27 11:31:02,81.9536,0.07743,0.0,1.8555985714285712,1.2442537546157837,1.2442537546157837,0.8574485182762146,365.38043212890625,320.75741024586813,4.354888141155243
324.3548524147465,2020-06-27 11:31:07,81.95362,0.03484,0.0,2.0214742857142856,1.9088590145111084,1.9088590145111084,0.8325769901275635,353.67364501953125,324.3548524147465,6.681006550788879
327.446466507622,2020-06-27 11:31:12,81.95365,0.05053,0.0,2.08787,1.375220537185669,1.375220537185669,0.845923125743866,359.85528564453125,327.446466507622,4.813271880149841
331.6342257052403,2020-06-27 11:31:19,81.95367,0.0975999999999999,0.0,1.8154571428571424,1.042617678642273,1.042617678642273,0.8622102737426758,367.7123718261719,331.6342257052403,3.6491618752479553
335.05723416048045,2020-06-27 11:31:26,81.95369,0.03821,0.0,1.7559899999999995,2.38820481300354,2.38820481300354,0.8360092639923096,355.2406005859375,335.05723416048045,8.35871684551239
338.4802425944398,2020-06-27 11:31:34,81.9537,0.03765,0.0,1.4734928571428567,3.238762140274048,3.238762140274048,0.8350523710250854,354.8013916015625,338.4802425944398,11.335667490959167
341.00428089925947,2020-06-27 11:31:39,81.95373,0.0,0.1833,1.3514714285714282,34.60003662109375,34.60003662109375,0.2017400860786438,196.25845336914062,341.00428089925947,121.10012817382812
345.22957497847165,2020-06-27 11:31:43,81.95375,0.03372,0.0,1.5687371428571428,3.1466779708862305,3.1466779708862305,0.8308626413345337,352.893310546875,345.22957497847165,11.013372898101807
348.2027989601865,2020-06-27 11:31:48,81.95378,0.05389,0.0,1.606938571428571,2.1821656227111816,2.1821656227111816,0.8477169871330261,360.7016906738281,348.2027989601865,7.637579679489136
352.42809391795805,2020-06-27 11:31:56,81.95381,0.03933,0.0,1.6619842857142857,2.5853328704833984,2.5853328704833984,0.837032675743103,355.7090148925781,352.42809391795805,9.048665046691895
357.10218871992026,2020-06-27 11:32:01,81.95383,0.0836,0.0,2.0656571428571424,0.9262179136276245,0.9262179136276245,0.8591780662536621,366.22064208984375,357.10218871992026,3.241762697696686
360.2421243752203,2020-06-27 11:32:08,81.95386,0.03484,0.0,2.27516,1.44683039188385,1.44683039188385,0.832719624042511,353.735107421875,360.2421243752203,5.063906371593475
364.9906249578539,2020-06-27 11:32:14,81.95389,0.05053,0.0,2.597098571428571,0.7837713956832886,0.7837713956832886,0.8460599780082703,359.9162292480469,364.9906249578539,2.74319988489151
369.32927262866133,2020-06-27 11:32:19,81.95391,0.04493,0.0,2.8744128571428567,0.6244854927062988,0.6244854927062988,0.8422822952270508,358.1423034667969,369.32927262866133,2.185699224472046
372.4691889966231,2020-06-27 11:32:25,81.95394,0.0842,0.0,2.924657142857142,0.3542887270450592,0.3542887270450592,0.8594130873680115,366.3338317871094,372.4691889966231,1.2400105446577072
376.8337188599374,2020-06-27 11:32:31,81.95397,0.03708,0.0,3.010177142857142,0.6095452308654785,0.6095452308654785,0.8353959321975708,354.95550537109375,376.8337188599374,2.133408308029175
381.1833828203816,2020-06-27 11:32:36,81.95399,0.0842,0.0,2.805457142857142,0.4054107069969177,0.4054107069969177,0.8594053983688354,366.3294982910156,381.1833828203816,1.418937474489212
384.26633331288787,2020-06-27 11:32:42,81.95403,0.07295,0.0,3.0856785714285704,0.33569076657295227,0.33569076657295227,0.856217622756958,364.775146484375,384.26633331288787,1.174917683005333
389.7581640197656,2020-06-27 11:32:49,81.95406,0.06006,0.0,3.3325114285714275,0.2977716624736786,0.2977716624736786,0.8512468338012695,362.3791809082031,389.7581640197656,1.042200818657875
394.31816432462335,2020-06-27 11:32:55,81.95409,0.0561399999999999,0.0,3.814402857142857,0.18020524084568024,0.18020524084568024,0.849368155002594,361.4818115234375,394.31816432462335,0.6307183429598808
398.6766413336936,2020-06-27 11:33:01,81.95413,0.06902,0.0,3.757694285714285,0.16270305216312408,0.16270305216312408,0.8549100160598755,364.1405334472656,398.6766413336936,0.5694606825709343
404.17908522113555,2020-06-27 11:33:07,81.95416,0.06062,0.0,3.6350657142857137,0.20866985619068146,0.20866985619068146,0.8515211343765259,362.50897216796875,404.17908522113555,0.7303444966673851
408.59407974542967,2020-06-27 11:33:15,81.95418,0.05053,0.0,3.519641428571428,0.2743496000766754,0.2743496000766754,0.8461832404136658,359.97021484375,408.59407974542967,0.960223600268364
412.4586596735998,2020-06-27 11:33:20,81.95422,0.0595,0.0,3.557871428571428,0.2315245121717453,0.2315245121717453,0.8510022759437561,362.259765625,412.4586596735998,0.8103357926011086
418.20473939221904,2020-06-27 11:33:32,81.95423,0.03484,0.0,3.6292457142857137,0.3118104040622711,0.3118104040622711,0.8330812454223633,353.8946838378906,418.20473939221904,1.091336414217949
421.64054072716294,2020-06-27 11:33:38,81.95427,0.05053,0.0,3.57729857142857,0.25671207904815674,0.25671207904815674,0.846187949180603,359.97088623046875,421.64054072716294,0.8984922766685486
427.12117062718676,2020-06-27 11:33:45,81.9543,0.05053,0.0,3.6241271428571418,0.24321292340755463,0.24321292340755463,0.8461914658546448,359.97222900390625,427.12117062718676,0.8512452319264412
431.6893962678376,2020-06-27 11:33:54,81.95433,0.0567,0.0,3.6502142857142847,0.21619166433811188,0.21619166433811188,0.8496451377868652,361.610107421875,431.6893962678376,0.7566708251833916
436.70124911503746,2020-06-27 11:34:00,81.95436,0.0,0.0948,3.919657142857141,2.3438634872436523,2.3438634872436523,0.3766253590583801,224.09823608398438,436.70124911503746,8.203522205352783
441.21563874160614,2020-06-27 11:34:07,81.95439,0.0494099999999999,0.0,4.062161428571428,0.14889268577098846,0.14889268577098846,0.8455145359039307,359.6515808105469,441.21563874160614,0.5211244001984596
445.8053049948594,2020-06-27 11:34:14,81.95442,0.07855,0.0,3.7321928571428566,0.14965443313121796,0.14965443313121796,0.8579468131065369,365.61029052734375,445.8053049948594,0.5237905159592628
450.3284523659143,2020-06-27 11:34:20,81.95445,0.111,0.0,3.3367999999999998,0.16824613511562347,0.16824613511562347,0.8644939661026001,368.82989501953125,450.3284523659143,0.5888614729046822
454.7927367625532,2020-06-27 11:34:28,81.95447,0.05838,0.0,3.2254485714285708,0.34429609775543213,0.34429609775543213,0.8504462242126465,361.9901123046875,454.7927367625532,1.2050363421440125
458.36396041065314,2020-06-27 11:34:34,81.9545,0.03933,0.0,2.805584285714285,0.7395479679107666,0.7395479679107666,0.8375595808029175,355.94207763671875,458.36396041065314,2.588417887687683
462.73211385318314,2020-06-27 11:34:39,81.95452,0.07631,0.0,2.1971185714285717,0.8722575902938843,0.8722575902938843,0.857176661491394,365.2336120605469,462.73211385318314,3.052901566028595
465.89098749637304,2020-06-27 11:34:45,81.95455,0.04717,0.0,1.6910014285714283,2.20906138420105,2.20906138420105,0.8435064554214478,358.70501708984375,465.89098749637304,7.731714844703674
470.2964053073587,2020-06-27 11:34:54,81.95457,0.03821,0.0,1.142475714285714,4.5750579833984375,4.5750579833984375,0.8334138989448547,354.03765869140625,470.2964053073587,16.01270294189453
474.34348422886166,2020-06-27 11:35:13,81.95457999999999,0.0477299999999999,0.0,0.8443271428571426,5.241874694824219,5.241874694824219,0.8404403328895569,357.2720031738281,474.34348422886166,18.346561431884766
478.8587772656784,2020-06-27 11:35:26,81.9546,0.2803,0.0,0.4306999999999997,0.8601008653640747,0.8601008653640747,0.8721214532852173,372.65130615234375,478.8587772656784,3.0103530287742615
483.42924766830885,2020-06-27 11:35:31,81.95463,0.0,0.2153,0.7279571428571427,55.14840316772461,55.14840316772461,0.13859295845031738,187.82357788085938,483.42924766830885,193.01941108703613
487.7044268922184,2020-06-27 11:35:37,81.95465,0.03484,0.0,1.0215314285714283,5.520259857177734,5.520259857177734,0.8283578753471375,351.7455139160156,487.7044268922184,19.32090950012207
491.0796814118545,2020-06-27 11:36:14,81.95465,0.06958,0.0,0.924962857142857,3.5510637760162354,3.5510637760162354,0.8532845973968506,363.34814453125,491.0796814118545,12.428723216056824
497.758193655184,2020-06-27 11:36:26,81.95468,0.0510899999999999,0.0,0.8618528571428571,4.887189865112305,4.887189865112305,0.8431030511856079,358.5129699707031,497.758193655184,17.105164527893066
503.9871722715038,2020-06-27 11:36:33,81.9547,0.04717,0.0,0.8626014285714284,5.198000431060791,5.198000431060791,0.8400918245315552,357.1082458496094,503.9871722715038,18.19300150871277
507.69659173069135,2020-06-27 11:36:38,81.95474,0.1189,0.0,0.9982142857142856,1.943488597869873,1.943488597869873,0.8649910092353821,369.07196044921875,507.69659173069135,6.802210092544556
513.3339144927953,2020-06-27 11:36:48,81.95476,0.07183,0.0,0.9955985714285712,3.2250962257385254,3.2250962257385254,0.8543539643287659,363.8619384765625,513.3339144927953,11.287836790084839
517.8978171517324,2020-06-27 11:36:58,81.95476,0.1273,0.0,0.8071285714285712,2.1426429748535156,2.1426429748535156,0.8658531904220581,369.50048828125,517.8978171517324,7.499250411987305
521.1366635550664,2020-06-27 11:37:05,81.95477,0.0858,0.0,0.812142857142857,3.2464146614074707,3.2464146614074707,0.858381986618042,365.81695556640625,521.1366635550664,11.362451314926147
525.4007375733746,2020-06-27 11:37:11,81.95478,0.0,0.1346,1.697942857142857,21.331775665283203,21.331775665283203,0.30118411779403687,211.17080688476562,525.4007375733746,74.66121482849121
528.6186615807217,2020-06-27 11:37:16,81.95481,0.0,0.0965,2.215985714285714,11.485849380493164,11.485849380493164,0.36560338735580444,222.10755920410156,528.6186615807217,40.200472831726074
533.1511942748268,2020-06-27 11:37:27,81.95481,0.1407,0.0,2.436271428571428,0.35527870059013367,0.35527870059013367,0.8676933646202087,370.41827392578125,533.1511942748268,1.2434754520654678
535.0415535334828,2020-06-27 11:37:33,81.95484,0.06622,0.0,2.655922857142857,0.5927852392196655,0.5927852392196655,0.8537846803665161,363.58612060546875,535.0415535334828,2.0747483372688293
539.4725281168003,2020-06-27 11:37:39,81.95486,0.05838,0.0,2.833105714285714,0.5379474759101868,0.5379474759101868,0.8504048585891724,361.96417236328125,539.4725281168003,1.8828161656856537
542.7606998183066,2020-06-27 11:37:44,81.95488,0.0561399999999999,0.0,2.544945714285714,0.7668218612670898,0.7668218612670898,0.8492370247840881,361.4069519042969,542.7606998183066,2.6838765144348145
545.9567598442895,2020-06-27 11:37:51,81.9549,0.1183,0.0,2.4995,0.40496090054512024,0.40496090054512024,0.8654312491416931,369.2883605957031,545.9567598442895,1.4173631519079208
549.6728575918338,2020-06-27 11:37:59,81.95492,0.3217,0.0,2.3291571428571425,0.0995204746723175,0.0995204746723175,0.8724896907806396,372.8327941894531,549.6728575918338,0.34832166135311127
553.2992108678505,2020-06-27 11:38:08,81.95493,0.3536999999999999,0.0,2.436242857142857,0.0,0.0,0.8726181983947754,372.897705078125,553.2992108678505,0.0
556.3068215724634,2020-06-27 11:38:21,81.95494,0.2999,0.0,2.9794428571428564,0.0,0.0,0.8723622560501099,372.7678527832031,556.3068215724634,0.0
560.4103166609833,2020-06-27 11:38:30,81.95496,0.5368999999999999,0.0,3.228757142857142,0.0,0.0,0.8728203773498535,372.9998474121094,560.4103166609833,0.0
564.3872467052342,2020-06-27 11:38:40,81.95498,0.4103,0.0,3.544185714285714,0.0,0.0,0.8727403879165649,372.9590148925781,564.3872467052342,0.0
569.0224276278896,2020-06-27 11:38:46,81.95499,0.3677,0.0,3.1696428571428563,0.0,0.0,0.8726586699485779,372.91741943359375,569.0224276278896,0.0
572.0125916106983,2020-06-27 11:38:52,81.95501,0.3464,0.0,2.829485714285714,0.0,0.0,0.8725941777229309,372.8843078613281,572.0125916106983,0.0
575.8036964415357,2020-06-27 11:39:03,81.95503,0.1492,0.0,2.527771428571428,0.2983715236186981,0.2983715236186981,0.8683443665504456,370.7409362792969,575.8036964415357,1.0443003326654434
581.3137406415321,2020-06-27 11:39:14,81.95504,0.1009999999999999,0.0,1.852485714285714,0.9684785604476929,0.9684785604476929,0.8628319501876831,367.99774169921875,581.3137406415321,3.389674961566925
585.9239578664984,2020-06-27 11:39:21,81.95505,0.0864,0.0,1.6565142857142854,1.38601815700531,1.38601815700531,0.8597983121871948,366.5053405761719,585.9239578664984,4.851063549518585
589.821557059725,2020-06-27 11:39:30,81.95508,0.0,0.222,1.6807999999999996,30.27055549621582,30.27055549621582,0.16336941719055176,191.03863525390625,589.821557059725,105.94694423675537
595.8267929505056,2020-06-27 11:39:36,81.9551,0.0,0.1604,1.975371428571428,19.752769470214844,19.752769470214844,0.2596074938774109,204.66213989257812,595.8267929505056,69.13469314575195
600.3983693237967,2020-06-27 11:39:42,81.95512,0.04605,0.0,2.349435714285714,1.1047881841659546,1.1047881841659546,0.8429859280586243,358.45263671875,600.3983693237967,3.866758644580841
605.7912425254605,2020-06-27 11:39:53,81.95513,0.04605,0.0,2.166007142857142,1.3516089916229248,1.3516089916229248,0.8429244160652161,358.4236755371094,605.7912425254605,4.730631470680237
609.7440251120689,2020-06-27 11:40:39,81.95509,0.0987,0.0,2.1221857142857137,0.7420699000358582,0.7420699000358582,0.8624510169029236,367.80865478515625,609.7440251120689,2.5972446501255035
614.1418228934806,2020-06-27 11:40:51,81.95512,0.0,0.1227999999999999,1.9528285714285711,16.421125411987305,16.421125411987305,0.3233652114868164,214.81039428710938,614.1418228934806,57.473938941955566
620.0093876543993,2020-06-27 11:41:07,81.95513,0.04829,0.0,1.7295385714285711,2.085604429244995,2.085604429244995,0.8443055152893066,359.0710144042969,620.0093876543993,7.299615502357483
624.8456162459441,2020-06-27 11:41:17,81.95516,0.03484,0.0,1.7668742857142854,2.5063018798828125,2.5063018798828125,0.8323894143104553,353.5648193359375,624.8456162459441,8.772056579589844
630.5779365134126,2020-06-27 11:41:26,81.95518,0.0707,0.0,1.950528571428571,1.2180012464523315,1.2180012464523315,0.8553125262260437,364.31890869140625,630.5779365134126,4.26300436258316
635.6198978568535,2020-06-27 11:41:34,81.95521,0.0,0.1311999999999999,2.114,15.032476425170898,15.032476425170898,0.3118055462837219,212.89572143554688,635.6198978568535,52.613667488098145
640.8896000969502,2020-06-27 11:41:39,81.95523,0.0,0.02812,2.6603942857142857,5.361219882965088,5.361219882965088,0.47231847047805786,242.865478515625,640.8896000969502,18.764269590377808
645.2817356149874,2020-06-27 11:41:45,81.95525,0.04493,0.0,2.975184285714285,0.5569984912872314,0.5569984912872314,0.8423000574111938,358.12994384765625,645.2817356149874,1.94949471950531
649.3558381583899,2020-06-27 11:41:51,81.95528,0.0953999999999999,0.0,2.4927428571428565,0.5106453895568848,0.5106453895568848,0.861859142780304,367.513916015625,649.3558381583899,1.7872588634490967
654.3744554153818,2020-06-27 11:41:57,81.9553,0.05165,0.0,2.114978571428571,1.313442587852478,1.313442587852478,0.8466194868087769,360.15863037109375,654.3744554153818,4.597049057483673
658.9510108082467,2020-06-27 11:42:03,81.95532,0.04157,0.0,1.4293442857142855,3.1783018112182617,3.1783018112182617,0.8385671973228455,356.3935852050781,658.9510108082467,11.124056339263916
663.4206265034229,2020-06-27 11:42:08,81.95533,0.05053,0.0,1.0819271428571429,3.969229221343994,3.969229221343994,0.8438187837600708,358.8387451171875,663.4206265034229,13.89230227470398
667.1009528734012,2020-06-27 11:42:16,81.95534,0.05502,0.0,0.9719228571428568,4.140280723571777,4.140280723571777,0.8462361097335815,359.9763488769531,667.1009528734012,14.49098253250122
671.0540458741996,2020-06-27 11:42:21,81.95535,0.0,0.06398,1.3955914285714286,21.79732894897461,21.79732894897461,0.3952327370643616,227.51014709472656,671.0540458741996,76.29065132141113
674.3509828240351,2020-06-27 11:42:27,81.95537,0.03204,0.0,1.7728742857142854,2.6236207485198975,2.6236207485198975,0.8289279341697693,351.9956970214844,674.3509828240351,9.182672619819641
678.9274928424604,2020-06-27 11:42:32,81.95539,0.06902,0.0,2.083551428571428,1.0772556066513062,1.0772556066513062,0.8547440767288208,364.0403137207031,678.9274928424604,3.7703946232795715
683.6584834801876,2020-06-27 11:42:39,81.9554,0.0561399999999999,0.0,2.1391171428571423,1.2002044916152954,1.2002044916152954,0.8491451740264893,361.3550720214844,683.6584834801876,4.200715720653534
687.8091035714347,2020-06-27 11:42:45,81.95541,0.0650999999999999,0.0,2.048385714285714,1.1755242347717285,1.1755242347717285,0.8532354235649109,363.3126220703125,687.8091035714347,4.11433482170105
692.1891103457954,2020-06-27 11:42:52,81.95543,0.0561399999999999,0.0,1.6036599999999996,2.1209776401519775,2.1209776401519775,0.8489458560943604,361.259765625,692.1891103457954,7.423421740531921
697.6378183397795,2020-06-27 11:43:01,81.95544,0.0298,0.0,1.3756571428571425,4.179274082183838,4.179274082183838,0.8243655562400818,349.951171875,697.6378183397795,14.627459287643433
701.7689538121938,2020-06-27 11:43:09,81.95545,0.0959,0.0,1.2540714285714285,1.8982923030853271,1.8982923030853271,0.861508846282959,367.338623046875,701.7689538121938,6.644023060798645
705.8417096417113,2020-06-27 11:43:16,81.95545,0.1469,0.0,1.6028428571428568,0.8238265514373779,0.8238265514373779,0.8681368827819824,370.63006591796875,705.8417096417113,2.8833929300308228
710.0732899154183,2020-06-27 11:43:22,81.95547,0.1912,0.0,1.4689999999999996,0.6579433679580688,0.6579433679580688,0.8704515695571899,371.7934265136719,710.0732899154183,2.302801787853241
714.334116757012,2020-06-27 11:43:28,81.95549,0.0953999999999999,0.0,1.6787428571428569,1.230664849281311,1.230664849281311,0.8617653250694275,367.4644470214844,714.334116757012,4.307326972484589
718.1455443488987,2020-06-27 11:43:34,81.95552,0.1435,0.0,1.4506714285714284,0.9916425347328186,0.9916425347328186,0.8678433895111084,370.4820861816406,718.1455443488987,3.470748871564865
723.5773796675693,2020-06-27 11:43:50,81.95551,0.0926,0.0,1.7209714285714282,1.2126802206039429,1.2126802206039429,0.8612032532691956,367.18743896484375,723.5773796675693,4.2443807721138
728.5526083562588,2020-06-27 11:43:59,81.95549,0.0,0.03484,1.6054742857142856,16.24720573425293,16.24720573425293,0.44977229833602905,238.1636962890625,728.5526083562588,56.865220069885254
733.7530517970387,2020-06-27 11:44:07,81.95547,0.07519,0.0,1.5989528571428568,1.6704483032226562,1.6704483032226562,0.8567036390304565,364.9888916015625,733.7530517970387,5.846569061279297
737.8177764347411,2020-06-27 11:44:13,81.95545,0.0796699999999999,0.0,1.5915014285714284,1.5979440212249756,1.5979440212249756,0.8580297231674194,365.6343688964844,737.8177764347411,5.5928040742874146
743.9259010798025,2020-06-27 11:44:19,81.95544,0.06062,0.0,1.629322857142857,1.9430524110794067,1.9430524110794067,0.8511692881584167,362.32049560546875,743.9259010798025,6.800683438777924
747.7289279353611,2020-06-27 11:44:25,81.95542,0.05838,0.0,1.5848199999999997,2.096752405166626,2.096752405166626,0.8500803709030151,361.80035400390625,747.7289279353611,7.338633418083191
753.2253105202032,2020-06-27 11:44:37,81.9554,0.06398,0.0,1.5043342857142856,2.1133315563201904,2.1133315563201904,0.8525967597961426,363.00555419921875,753.2253105202032,7.3966604471206665
758.4876032916982,2020-06-27 11:44:43,81.95539,0.1054,0.0,1.4177428571428567,1.4564564228057861,1.4564564228057861,0.8634330034255981,368.28900146484375,758.4876032916982,5.0975974798202515
763.0720148945414,2020-06-27 11:44:48,81.95539,0.07407,0.0,1.3656442857142854,2.1588191986083984,2.1588191986083984,0.8560327291488647,364.6641845703125,763.0720148945414,7.5558671951293945
766.8873136437519,2020-06-27 11:44:55,81.95538,0.0707,0.0,1.186985714285714,2.7045814990997314,2.7045814990997314,0.8544350862503052,363.8912048339844,766.8873136437519,9.46603524684906
772.736097277489,2020-06-27 11:45:04,81.95537,0.1133,0.0,1.028242857142857,1.9924170970916748,1.9924170970916748,0.864242672920227,368.6903991699219,772.736097277489,6.973459839820862
777.6314057628833,2020-06-27 11:45:11,81.95536,0.0595,0.0,0.9269285714285712,4.055733680725098,4.055733680725098,0.8486137390136719,361.10247802734375,777.6314057628833,14.195067882537842
782.7614757026515,2020-06-27 11:45:21,81.95535,0.1413,0.0,0.7888714285714284,1.9199497699737549,1.9199497699737549,0.8672658801078796,370.19580078125,782.7614757026515,6.719824194908142
786.8528386138204,2020-06-27 11:45:28,81.95534,0.0909,0.0,0.8193571428571428,3.046989679336548,3.046989679336548,0.8597091436386108,366.4570007324219,786.8528386138204,10.664463877677917
792.1393142101533,2020-06-27 11:45:36,81.95533,0.07014,0.0,0.6432885714285713,4.5549540519714355,4.5549540519714355,0.8526305556297302,363.0228271484375,792.1393142101533,15.942339181900024
795.3553036547803,2020-06-27 11:45:44,81.95532,0.0,0.1323,0.7516999999999999,47.08183670043945,47.08183670043945,0.24322277307510376,202.20431518554688,795.3553036547803,164.7864284515381
800.2868126135714,2020-06-27 11:45:49,81.95531,0.0,0.0842,0.8128285714285715,41.30282211303711,41.30282211303711,0.3103262186050415,212.64593505859375,800.2868126135714,144.55987739562988
804.5834798650308,2020-06-27 11:45:55,81.9553,0.0567,0.0,0.8196142857142856,4.674343109130859,4.674343109130859,0.8465744853019714,360.1365966796875,804.5834798650308,16.360200881958008
808.9944870301717,2020-06-27 11:46:03,81.95529,0.0898,0.0,0.7411142857142856,3.3079330921173096,3.3079330921173096,0.8592889904975891,366.2518310546875,808.9944870301717,11.577765822410583
813.6385080449065,2020-06-27 11:46:10,81.95527,0.0,0.06622,0.8129799999999998,40.32708740234375,40.32708740234375,0.3329864740371704,216.41444396972656,813.6385080449065,141.14480590820312
817.0813586439848,2020-06-27 11:46:20,81.95525,0.0,0.1514,1.1981714285714282,34.16950225830078,34.16950225830078,0.2530556321144104,203.6717071533203,817.0813586439848,119.59325790405273
823.0608425300107,2020-06-27 11:46:26,81.95523,0.0,0.2175,1.4046999999999996,36.030975341796875,36.030975341796875,0.1602247953414917,190.62277221679688,823.0608425300107,126.10841369628906
826.455580111671,2020-06-27 11:46:33,81.9552,0.03596,0.0,1.7876399999999997,2.402817964553833,2.402817964553833,0.8336724638938904,354.14825439453125,826.455580111671,8.409862875938416
831.4777105722344,2020-06-27 11:46:42,81.95517,0.0354,0.0,1.7966571428571425,2.4040422439575195,2.4040422439575195,0.833054780960083,353.8674011230469,831.4777105722344,8.414147853851318
836.1355819984741,2020-06-27 11:46:48,81.95516,0.2623,0.0,1.739471428571428,0.29009589552879333,0.29009589552879333,0.8720096349716187,372.58563232421875,836.1355819984741,1.0153356343507767
840.3962918859651,2020-06-27 11:46:57,81.95513,0.1021,0.0,1.878471428571428,0.931777834892273,0.931777834892273,0.8630253076553345,368.09173583984375,840.3962918859651,3.2612224221229553
845.2989931566805,2020-06-27 11:47:09,81.95509,0.2018,0.0,1.8857999999999997,0.3929702639579773,0.3929702639579773,0.8708191514015198,371.9847717285156,845.2989931566805,1.3753959238529205
850.7115894682397,2020-06-27 11:47:19,81.95507,0.2052,0.0,1.9116571428571425,0.3723706305027008,0.3723706305027008,0.8709197640419006,372.035888671875,850.7115894682397,1.3032972067594528
855.9466357021964,2020-06-27 11:47:28,81.95507,0.3026999999999999,0.0,2.185785714285714,0.13374532759189606,0.13374532759189606,0.8723792433738708,372.77423095703125,855.9466357021964,0.4681086465716362
861.2522690705048,2020-06-27 11:47:42,81.95507,0.0,0.087,3.084799999999999,4.865250587463379,4.865250587463379,0.3850175142288208,225.62588500976562,861.2522690705048,17.028377056121826
866.3275510227684,2020-06-27 11:47:51,81.95508,0.3116,0.0,3.1189999999999998,0.0,0.0,0.8724364042282104,372.8031005859375,866.3275510227684,0.0
872.6179203550932,2020-06-27 11:47:59,81.95507,0.2618,0.0,3.651857142857142,0.0,0.0,0.8720118999481201,372.5881042480469,872.6179203550932,0.0
876.5862225467773,2020-06-27 11:56:54,81.95422,0.2696,0.0,3.732114285714285,0.0,0.0,0.8721005916595459,372.6468505859375,876.5862225467773,0.0
878.0106342795937,2020-06-27 11:57:02,81.95422,0.5139,0.0,3.5169857142857137,0.0,0.0,0.8728151321411133,373.0091552734375,878.0106342795937,0.0
882.9801595142592,2020-06-27 11:57:08,81.95422,0.3873,0.0,3.351871428571428,0.0,0.0,0.8727021813392639,372.9518737792969,882.9801595142592,0.0
886.6327348711848,2020-06-27 11:57:14,81.95421,0.2904,0.0,3.604114285714285,0.0,0.0,0.872292697429657,372.74432373046875,886.6327348711848,0.0
891.052141649784,2020-06-27 11:57:21,81.95419,0.3475,0.0,3.4624999999999995,0.0,0.0,0.8725985288619995,372.8996276855469,891.052141649784,0.0
896.2682849761854,2020-06-27 11:57:28,81.95417,0.3990999999999999,0.0,3.221385714285714,0.0,0.0,0.8727232813835144,372.963134765625,896.2682849761854,0.0
901.6382600049396,2020-06-27 11:57:35,81.95418,0.361,0.0,3.470085714285714,0.0,0.0,0.8726407885551453,372.9212646484375,901.6382600049396,0.0
906.0707207454401,2020-06-27 11:57:43,81.9542,0.1441,0.0,3.9126142857142856,0.0,0.0,0.8679879307746887,370.5755615234375,906.0707207454401,0.0
911.1653101366214,2020-06-27 11:57:58,81.95421,0.3453,0.0,3.9443857142857137,0.0,0.0,0.8725910186767578,372.89556884765625,911.1653101366214,0.0
916.091410653391,2020-06-27 11:58:05,81.95424,0.092,0.0,4.274228571428571,0.06885059177875519,0.06885059177875519,0.8612357974052429,367.2237548828125,916.091410653391,0.24097707122564316
921.4457015454092,2020-06-27 11:58:15,81.95426,0.02812,0.0,4.087908571428571,0.20824049413204193,0.20824049413204193,0.824168860912323,349.88555908203125,921.4457015454092,0.7288417294621468
925.5372048613514,2020-06-27 11:58:29,81.95429,0.3201,0.0,3.172728571428571,0.0,0.0,0.8724824786186218,372.8392028808594,925.5372048613514,0.0
931.50606869303,2020-06-27 11:58:37,81.9543,0.0796699999999999,0.0,2.2784728571428565,0.7675379514694214,0.7675379514694214,0.8581603169441223,365.7164611816406,931.50606869303,2.686382830142975
937.9263569932818,2020-06-27 11:59:15,81.95423,0.1643,0.0,1.6452142857142853,0.6817666292190552,0.6817666292190552,0.8692584037780762,371.21258544921875,937.9263569932818,2.386183202266693
945.0707807815392,2020-06-27 11:59:22,81.95422,0.03596,0.0,2.0939828571428563,1.7291854619979858,1.7291854619979858,0.8338780999183655,354.25750732421875,945.0707807815392,6.05214911699295
951.4706169192646,2020-06-27 11:59:29,81.95422,0.03204,0.0,2.1741885714285707,1.7025645971298218,1.7025645971298218,0.8292332291603088,352.1513366699219,951.4706169192646,5.958976089954376
957.9963872410732,2020-06-27 11:59:36,81.95423,0.03933,0.0,2.4634128571428566,1.0856764316558838,1.0856764316558838,0.8374609351158142,355.900634765625,957.9963872410732,3.7998675107955933
964.1051537520543,2020-06-27 12:00:21,81.95415,0.03877,0.0,2.8177728571428564,0.7364130020141602,0.7364130020141602,0.8370313048362732,355.70404052734375,964.1051537520543,2.5774455070495605
968.3485613931585,2020-06-27 12:00:28,81.95415,0.0595,0.0,3.1898999999999997,0.3532165288925171,0.3532165288925171,0.850975513458252,362.2479248046875,968.3485613931585,1.2362578511238098
974.6842825418399,2020-06-27 12:00:35,81.95416,0.03148,0.0,3.6096057142857134,0.33941739797592163,0.33941739797592163,0.8289613723754883,352.0304260253906,974.6842825418399,1.1879608929157257
980.766918456884,2020-06-27 12:00:41,81.95416,0.05838,0.0,3.9574771428571416,0.14806731045246124,0.14806731045246124,0.850491464138031,362.0163879394531,980.766918456884,0.5182355865836143
985.9140482322443,2020-06-27 12:00:48,81.95414,0.06846,0.0,3.827168571428571,0.15117646753787994,0.15117646753787994,0.8547098636627197,364.043701171875,985.9140482322443,0.5291176363825798
991.8656768603737,2020-06-27 12:01:18,81.95411,0.05165,0.0,3.7464357142857136,0.20774395763874054,0.20774395763874054,0.8468779921531677,360.29962158203125,991.8656768603737,0.7271038517355919
998.030319538067,2020-06-27 12:01:25,81.95412,0.1054,0.0,3.1592,0.2176724076271057,0.2176724076271057,0.8636511564254761,368.4174499511719,998.030319538067,0.76185342669487
1004.6876031427511,2020-06-27 12:01:33,81.95413,0.0852999999999999,0.0,3.013899999999999,0.3163098394870758,0.3163098394870758,0.8596891760826111,366.46624755859375,1004.6876031427511,1.1070844382047653
1009.2767793926835,2020-06-27 12:01:47,81.95414,0.1071,0.0,3.1859857142857138,0.20762842893600464,0.20762842893600464,0.8639163374900818,368.5483093261719,1009.2767793926835,0.7266995012760162
1013.3777498145236,2020-06-27 12:01:54,81.95417,0.03877,0.0,3.2866871428571423,0.43169838190078735,0.43169838190078735,0.8371225595474243,355.74578857421875,1013.3777498145236,1.5109443366527557
1018.5002044564819,2020-06-27 12:02:00,81.9542,0.07743,0.0,3.269027142857142,0.2583140432834625,0.2583140432834625,0.8576068878173828,365.4482421875,1018.5002044564819,0.9040991514921188
1023.0329940111706,2020-06-27 12:02:14,81.95421,0.0969999999999999,0.0,3.396057142857142,0.18057426810264587,0.18057426810264587,0.8622085452079773,367.7032165527344,1023.0329940111706,0.6320099383592606
1026.8065769038396,2020-06-27 12:02:20,81.95425,0.04045,0.0,3.29695,0.41475170850753784,0.41475170850753784,0.8386760950088501,356.46160888671875,1026.8065769038396,1.4516309797763824
1032.6740100715426,2020-06-27 12:02:26,81.95428,0.02812,0.0,3.33588,0.49672406911849976,0.49672406911849976,0.8240501880645752,349.8323974609375,1032.6740100715426,1.7385342419147491
1037.3823671513715,2020-06-27 12:02:33,81.95432,0.03933,0.0,3.151441428571428,0.4991926848888397,0.4991926848888397,0.8376302123069763,355.9774475097656,1037.3823671513715,1.747174397110939
1043.2420346090962,2020-06-27 12:02:40,81.95437,0.03484,0.0,2.8764171428571426,0.7382999658584595,0.7382999658584595,0.8329401016235352,353.828125,1043.2420346090962,2.584049880504608
1050.2076381255652,2020-06-27 12:02:46,81.95439,0.03204,0.0,2.327045714285714,1.4389556646347046,1.4389556646347046,0.8293195962905884,352.1878356933594,1050.2076381255652,5.036344826221466
1053.638846526056,2020-06-27 12:03:10,81.95439,0.03484,0.0,1.9031885714285712,2.1680455207824707,2.1680455207824707,0.832496166229248,353.625244140625,1053.638846526056,7.5881593227386475
1059.3796013538822,2020-06-27 12:03:18,81.95441,0.0561399999999999,0.0,1.625831428571428,2.073030948638916,2.073030948638916,0.8489565849304199,361.28070068359375,1059.3796013538822,7.255608320236206
1063.2826709392589,2020-06-27 12:03:24,81.95444,0.0,0.1211,1.6678999999999995,20.593469619750977,20.593469619750977,0.3220979571342468,214.60508728027344,1063.2826709392589,72.07714366912842
1067.806691401274,2020-06-27 12:03:33,81.95445,0.0,0.04269,1.7211671428571425,14.820413589477539,14.820413589477539,0.4385955333709717,235.92007446289062,1067.806691401274,51.87144756317139
1070.6132276820954,2020-06-27 12:03:38,81.95446,0.0,0.06398,1.7325628571428568,15.681039810180664,15.681039810180664,0.4066005349159241,229.67025756835938,1070.6132276820954,54.883639335632324
1072.793427149659,2020-06-27 12:03:56,81.95446,0.0,0.06398,1.91682,13.166960716247559,13.166960716247559,0.40910542011260986,230.14981079101562,1072.793427149659,46.084362506866455
1076.202857479617,2020-06-27 12:04:01,81.9545,0.0,0.07519,1.9349528571428567,13.5123872756958,13.5123872756958,0.3931887149810791,227.14321899414062,1076.202857479617,47.2933554649353
1081.7139507975915,2020-06-27 12:04:07,81.95454,0.0808,0.0,2.1840857142857137,0.8402852416038513,0.8402852416038513,0.8584582209587097,365.8578796386719,1081.7139507975915,2.9409983456134796
1087.3979819408657,2020-06-27 12:04:13,81.95456,0.0942,0.0,2.8174,0.3593342900276184,0.3593342900276184,0.8616424202919006,367.4186706542969,1087.3979819408657,1.2576700150966644
1091.1214084053356,2020-06-27 12:04:19,81.95459,0.04269,0.0,2.90451,0.6254686117172241,0.6254686117172241,0.8405270576477051,357.3143310546875,1091.1214084053356,2.1891401410102844
1096.055198594446,2020-06-27 12:04:26,81.95462,0.07631,0.0,3.1135757142857137,0.3125476539134979,0.3125476539134979,0.8572677373886108,365.2764892578125,1096.055198594446,1.0939167886972427
1101.5661200053487,2020-06-27 12:04:32,81.95465,0.04381,0.0,3.5178471428571423,0.3046415448188782,0.3046415448188782,0.8415120840072632,357.7718505859375,1101.5661200053487,1.0662454068660736
1106.499890521167,2020-06-27 12:04:38,81.95468,0.05053,0.0,3.340612857142857,0.33703696727752686,0.33703696727752686,0.8461673259735107,359.9548645019531,1106.499890521167,1.179629385471344
1111.2076537188318,2020-06-27 12:04:45,81.95471,0.06454,0.0,3.468088571428571,0.24035575985908508,0.24035575985908508,0.8531883358955383,363.30096435546875,1111.2076537188318,0.8412451595067978
1115.9173011321088,2020-06-27 12:04:53,81.95474,0.0875,0.0,3.581528571428571,0.16120602190494537,0.16120602190494537,0.8602334856987,366.72344970703125,1115.9173011321088,0.5642210766673088
1120.831964491549,2020-06-27 12:05:01,81.95477,0.05838,0.0,3.9125057142857136,0.15598896145820618,0.15598896145820618,0.850489616394043,362.0060729980469,1120.831964491549,0.5459613651037216
1126.0818496013355,2020-06-27 12:05:07,81.95479,0.04605,0.0,3.9244357142857136,0.18382741510868073,0.18382741510868073,0.8432263135910034,358.5704345703125,1126.0818496013355,0.6433959528803825
1129.9669127884622,2020-06-27 12:05:50,81.95475,0.05221,0.0,4.010532857142858,0.1517423838376999,0.1517423838376999,0.8472225666046143,360.45269775390625,1129.9669127884622,0.5310983434319496
1134.3334690284314,2020-06-27 12:05:56,81.95479,0.0909,0.0,3.9085,0.10652351379394531,0.10652351379394531,0.860997200012207,367.09759521484375,1134.3334690284314,0.3728322982788086
1141.4450847206363,2020-06-27 12:06:05,81.95481,0.04045,0.0,3.762007142857143,0.24271424114704132,0.24271424114704132,0.8387292623519897,356.4774169921875,1141.4450847206363,0.8494998440146446
1147.0436666813907,2020-06-27 12:06:13,81.95483,0.05277,0.0,3.5209442857142847,0.2651715576648712,0.2651715576648712,0.8475164771080017,360.5906982421875,1147.0436666813907,0.9281004518270493
1153.4176191138981,2020-06-27 12:06:21,81.95484,0.05389,0.0,2.656738571428571,0.6983112096786499,0.6983112096786499,0.848047137260437,360.842041015625,1153.4176191138981,2.4440892338752747
1159.7713962335333,2020-06-27 12:06:29,81.9548,0.04829,0.0,2.55831,0.8462998867034912,0.8462998867034912,0.8446056842803955,359.2171630859375,1159.7713962335333,2.9620496034622192
1167.4071590295187,2020-06-27 12:06:35,81.95479,0.04269,0.0,2.3602528571428567,1.1514317989349365,1.1514317989349365,0.8403862118721008,357.2455749511719,1167.4071590295187,4.030011296272278
1172.0995774321639,2020-06-27 12:06:43,81.95478,0.03148,0.0,2.234291428571428,1.6109514236450195,1.6109514236450195,0.8285267949104309,351.8247985839844,1172.0995774321639,5.638329982757568
1178.056202796498,2020-06-27 12:06:50,81.95477,0.05502,0.0,1.7679799999999994,1.8153201341629028,1.8153201341629028,0.8484205007553101,361.0202941894531,1178.056202796498,6.35362046957016
1183.1438752341444,2020-06-27 12:06:57,81.95476,0.0926,0.0,1.5599714285714283,1.4322822093963623,1.4322822093963623,0.861172616481781,367.184326171875,1183.1438752341444,5.012987732887268
1188.5508221672533,2020-06-27 12:07:25,81.95472,0.06958,0.0,1.6669342857142857,1.6660876274108887,1.6660876274108887,0.8548394441604614,364.09722900390625,1188.5508221672533,5.83130669593811
1191.7948723656295,2020-06-27 12:07:31,81.95471,0.0,0.1676,1.6528857142857138,25.905868530273438,25.905868530273438,0.2419518232345581,202.02249145507812,1191.7948723656295,90.67053985595703
1198.3710901197928,2020-06-27 12:07:37,81.95469,0.06398,0.0,2.6927342857142853,0.585253119468689,0.585253119468689,0.852891743183136,363.15863037109375,1198.3710901197928,2.0483859181404114
1204.1228381710687,2020-06-27 12:07:44,81.95467,0.04045,0.0,3.318235714285714,0.4047425091266632,0.4047425091266632,0.8386790156364441,356.4562683105469,1204.1228381710687,1.4165987819433212
1210.0744336618266,2020-06-27 12:08:42,81.95457,0.06958,0.0,3.5588485714285705,0.20327793061733246,0.20327793061733246,0.8551011681556702,364.22607421875,1210.0744336618266,0.7114727571606636
1215.6444365927307,2020-06-27 12:08:52,81.95454,0.0561399999999999,0.0,3.704545714285713,0.20461463928222656,0.20461463928222656,0.8493622541427612,361.47186279296875,1215.6444365927307,0.716151237487793
1222.9711843912887,2020-06-27 12:29:47,81.95244,0.0842,0.0,2.2338857142857136,0.7661269903182983,0.7661269903182983,0.8593524098396301,366.32763671875,1222.9711843912887,2.681444466114044
1226.2289272424712,2020-06-27 12:29:55,81.95242,0.1054,0.0,2.103171428571428,0.7084718942642212,0.7084718942642212,0.8635936975479126,368.41534423828125,1226.2289272424712,2.479651629924774
1230.021550872389,2020-06-27 12:30:09,81.95241,0.0892,0.0,2.2046285714285707,0.7491395473480225,0.7491395473480225,0.8605349659919739,366.9076232910156,1230.021550872389,2.6219884157180786
1237.4678459089637,2020-06-27 12:30:18,81.9524,0.5672,0.0,1.452571428571428,0.0,0.0,0.8728247880935669,373.0426025390625,1237.4678459089637,0.0
1241.6116794376367,2020-06-27 12:33:54,81.95203,0.07407,0.0,1.825472857142857,1.3363839387893677,1.3363839387893677,0.8564087748527527,364.8991394042969,1241.6116794376367,4.677343785762787
1243.9137716034772,2020-06-27 12:34:11,81.952,0.06062,0.0,1.8142942857142852,1.6012510061264038,1.6012510061264038,0.8512393832206726,362.40716552734375,1243.9137716034772,5.604378521442413
1249.9665249690831,2020-06-27 12:34:18,81.95199,0.04605,0.0,1.8544071428571425,1.8920880556106567,1.8920880556106567,0.8427886962890625,358.4080505371094,1249.9665249690831,6.622308194637299
1254.0957239218392,2020-06-27 12:34:26,81.95198,0.04605,0.0,1.89795,1.8062394857406616,1.8062394857406616,0.8428104519844055,358.41845703125,1254.0957239218392,6.321838200092316
1258.0211331540722,2020-06-27 12:34:37,81.95196,0.0796699999999999,0.0,1.65913,1.490407109260559,1.490407109260559,0.8580471277236938,365.6975402832031,1258.0211331540722,5.216424882411957
1261.1436513348249,2020-06-27 12:34:44,81.95195,0.07295,0.0,1.563678571428571,1.7791098356246948,1.7791098356246948,0.8559708595275879,364.68792724609375,1261.1436513348249,6.226884424686432
1263.8668598193565,2020-06-27 12:34:50,81.95194,0.0,0.222,1.4307142857142854,35.35546875,35.35546875,0.1603320837020874,190.6636962890625,1263.8668598193565,123.744140625
1267.1140193927606,2020-06-27 12:35:18,81.95189,0.1066,0.0,1.5216571428571426,1.2919169664382935,1.2919169664382935,0.8637127876281738,368.482666015625,1267.1140193927606,4.521709382534027
1271.2881902195315,2020-06-27 12:35:31,81.95187,0.0808,0.0,1.5612285714285712,1.627489686012268,1.627489686012268,0.8583356142044067,365.8393859863281,1271.2881902195315,5.696213901042938
1274.9195513747952,2020-06-27 12:35:36,81.95186,0.03708,0.0,1.365405714285714,3.682190179824829,3.682190179824829,0.8337407112121582,354.2286376953125,1274.9195513747952,12.887665629386902
1278.0164210318985,2020-06-27 12:35:49,81.95183,0.0707,0.0,1.197185714285714,2.677111864089966,2.677111864089966,0.8544608354568481,363.958984375,1278.0164210318985,9.36989152431488
1285.4561802520452,2020-06-27 12:35:56,81.95182,0.0,0.1475,1.101557142857143,36.496368408203125,36.496368408203125,0.25288110971450806,203.67535400390625,1285.4561802520452,127.73728942871094
1291.3198887837937,2020-06-27 12:36:06,81.95181,0.04325,0.0,1.027235714285714,4.716930389404297,4.716930389404297,0.8376996517181396,356.04486083984375,1291.3198887837937,16.50925636291504
1296.795351822034,2020-06-27 12:36:40,81.95176,0.04381,0.0,0.8078471428571427,5.795032024383545,5.795032024383545,0.8367500305175781,355.6073303222656,1296.795351822034,20.282612085342407
1303.3781846409408,2020-06-27 12:36:46,81.95177,0.0,0.1251,0.7148428571428569,48.02922439575195,48.02922439575195,0.24785000085830688,202.92225646972656,1303.3781846409408,168.10228538513184
1307.5910933823113,2020-06-27 12:36:54,81.95178,0.04269,0.0,0.9427671428571428,5.182089328765869,5.182089328765869,0.8366144895553589,355.5449523925781,1307.5910933823113,18.137312650680542
1312.2066129912107,2020-06-27 12:37:00,81.95173,0.0,0.2511,0.6602714285714285,56.449371337890625,56.449371337890625,0.13279622793197632,187.10922241210938,1312.2066129912107,197.5727996826172
1319.204932328549,2020-06-27 12:37:08,81.95168,0.02588,0.0,0.9286628571428568,7.330044746398926,7.330044746398926,0.8119153380393982,344.5501708984375,1319.204932328549,25.65515661239624
1324.616676606595,2020-06-27 12:37:15,81.95162,0.04381,0.0,0.8417042857142856,5.6104583740234375,5.6104583740234375,0.8369872570037842,355.7186584472656,1324.616676606595,19.63660430908203
1332.5797418921115,2020-06-27 12:37:24,81.95157,0.02924,0.0,0.8460171428571427,7.393252849578857,7.393252849578857,0.8176096677780151,347.0220947265625,1332.5797418921115,25.876384973526
1339.3109924933956,2020-06-27 12:37:45,81.95148,0.0796699999999999,0.0,0.8165585714285714,3.471700429916382,3.471700429916382,0.8565884828567505,364.994873046875,1339.3109924933956,12.150951504707336
1347.5435789209077,2020-06-27 12:38:21,81.9514,0.06958,0.0,0.6096771428571428,4.722912788391113,4.722912788391113,0.852279782295227,362.9151306152344,1347.5435789209077,16.530194759368896
